ID|Match Name|Link
115738000|TRYING MY FRIENDS AMASZING !!!! AREA|https://osu.ppy.sh/community/matches/115738000
115738001|k1jl's game|https://osu.ppy.sh/community/matches/115738001
115738002|ТАНЯША|https://osu.ppy.sh/community/matches/115738002
115738003|sbm92001's game|https://osu.ppy.sh/community/matches/115738003
115738004|teupai|https://osu.ppy.sh/community/matches/115738004
115738005|yukisamana's game|https://osu.ppy.sh/community/matches/115738005
115738006|ZXC|https://osu.ppy.sh/community/matches/115738006
115738007|XxoraxXD's game|https://osu.ppy.sh/community/matches/115738007
115738008|psheep1234's game|https://osu.ppy.sh/community/matches/115738008
115738009|Katisuy's game|https://osu.ppy.sh/community/matches/115738009
115738010|kokoninixi's game|https://osu.ppy.sh/community/matches/115738010
115738011|фывфыв|https://osu.ppy.sh/community/matches/115738011
115738012|TenShen's game|https://osu.ppy.sh/community/matches/115738012
115738013|ETX: ([Ava]) vs (KingFrost)|https://osu.ppy.sh/community/matches/115738013
115738014|perrogamer2222's game|https://osu.ppy.sh/community/matches/115738014
115738015|Ruminas's game|https://osu.ppy.sh/community/matches/115738015
115738016|тимур лох|https://osu.ppy.sh/community/matches/115738016
115738017|TZN JUGOSONI's game|https://osu.ppy.sh/community/matches/115738017
115738018|EvolvedHD's game|https://osu.ppy.sh/community/matches/115738018
115738019|EvolvedHD's game|https://osu.ppy.sh/community/matches/115738019
115738020|cocos locos|https://osu.ppy.sh/community/matches/115738020
115738021|Maaki-'s game|https://osu.ppy.sh/community/matches/115738021
115738022|Pixelslime14's game|https://osu.ppy.sh/community/matches/115738022
115738023|carowo|https://osu.ppy.sh/community/matches/115738023
115738024|бешеный енот|https://osu.ppy.sh/community/matches/115738024
115738025|123123|https://osu.ppy.sh/community/matches/115738025
115738026|los wazas|https://osu.ppy.sh/community/matches/115738026
115738027|FLAG_VALUE_ERROR|https://osu.ppy.sh/community/matches/115738027
115738028|Nxthzc's game|https://osu.ppy.sh/community/matches/115738028
115738029|StoryTellerz's game|https://osu.ppy.sh/community/matches/115738029
115738030|yukisamana's game|https://osu.ppy.sh/community/matches/115738030
115738031|FLAG_VALUE_ERROR|https://osu.ppy.sh/community/matches/115738031
115738032|ppp|https://osu.ppy.sh/community/matches/115738032
115738033|FyFgod's game|https://osu.ppy.sh/community/matches/115738033
115738034|tomashh's game|https://osu.ppy.sh/community/matches/115738034
115738035|potito2007's game|https://osu.ppy.sh/community/matches/115738035
115738036|Katisuy's game|https://osu.ppy.sh/community/matches/115738036
115738037|Pablokh06's game|https://osu.ppy.sh/community/matches/115738037
115738038|Salero|https://osu.ppy.sh/community/matches/115738038
115738039|public|https://osu.ppy.sh/community/matches/115738039
115738040|drews game|https://osu.ppy.sh/community/matches/115738040
115738041|itaquaiscool|https://osu.ppy.sh/community/matches/115738041
115738042|Coleslaw's game|https://osu.ppy.sh/community/matches/115738042
115738043|- Kotori -'s game|https://osu.ppy.sh/community/matches/115738043
115738044|callmewithyou's game|https://osu.ppy.sh/community/matches/115738044
115738045|KilluaHaHa's game|https://osu.ppy.sh/community/matches/115738045
115738046|s k i b i d i |https://osu.ppy.sh/community/matches/115738046
115738047|Razers421's game|https://osu.ppy.sh/community/matches/115738047
115738048|unrealities's game|https://osu.ppy.sh/community/matches/115738048
115738049|битва членов|https://osu.ppy.sh/community/matches/115738049
115738050|FLAG_VALUE_ERROR|https://osu.ppy.sh/community/matches/115738050
115738051|e_crushedk's game|https://osu.ppy.sh/community/matches/115738051
115738052|F y n n's game|https://osu.ppy.sh/community/matches/115738052
115738053|тимур лох|https://osu.ppy.sh/community/matches/115738053
115738054|Shuu VS Manji|https://osu.ppy.sh/community/matches/115738054
115738055|HKUST FENCING|https://osu.ppy.sh/community/matches/115738055
115738056|KarboneXt's game|https://osu.ppy.sh/community/matches/115738056
115738057|LordShinKun's game|https://osu.ppy.sh/community/matches/115738057
115738058|5* HOST ROTATE|https://osu.ppy.sh/community/matches/115738058
115738059|3-4* Acc training |https://osu.ppy.sh/community/matches/115738059
115738060|Arararar's game|https://osu.ppy.sh/community/matches/115738060
115738061|A_cup_of_Joe's game|https://osu.ppy.sh/community/matches/115738061
115738062|Centip[ede|https://osu.ppy.sh/community/matches/115738062
115738063|Psionic6's game|https://osu.ppy.sh/community/matches/115738063
115738064|Spiderlilly's game|https://osu.ppy.sh/community/matches/115738064
115738065|cass|https://osu.ppy.sh/community/matches/115738065
115738066|balls|https://osu.ppy.sh/community/matches/115738066
115738067|Shuu VS Manji|https://osu.ppy.sh/community/matches/115738067
115738068|dooglefin's game|https://osu.ppy.sh/community/matches/115738068
115738069|123321|https://osu.ppy.sh/community/matches/115738069
115738070|miao|https://osu.ppy.sh/community/matches/115738070
115738071|Ponchipenguin's game|https://osu.ppy.sh/community/matches/115738071
115738072|subio el dolar crj|https://osu.ppy.sh/community/matches/115738072
115738073|treynit's game|https://osu.ppy.sh/community/matches/115738073
115738074|nigger V2|https://osu.ppy.sh/community/matches/115738074
115738075|Давайте это жопу не включат, максимум 6 стар мапы|https://osu.ppy.sh/community/matches/115738075
115738076|434343|https://osu.ppy.sh/community/matches/115738076
115738077|JohhnyCage's game|https://osu.ppy.sh/community/matches/115738077
115738078|Shinoh's game|https://osu.ppy.sh/community/matches/115738078
115738079|Fusterator's game|https://osu.ppy.sh/community/matches/115738079
115738080|NBWKelleR's game|https://osu.ppy.sh/community/matches/115738080
115738081|lkj|https://osu.ppy.sh/community/matches/115738081
115738082|Pablokh06's game|https://osu.ppy.sh/community/matches/115738082
115738083|nigger v2|https://osu.ppy.sh/community/matches/115738083
115738084|FLAG_VALUE_ERROR|https://osu.ppy.sh/community/matches/115738084
115738085|Ceffea's game|https://osu.ppy.sh/community/matches/115738085
115738086|JohhnyCage's game|https://osu.ppy.sh/community/matches/115738086
115738087|Tonatiuh42's game|https://osu.ppy.sh/community/matches/115738087
115738088|seso|https://osu.ppy.sh/community/matches/115738088
115738089|muu|https://osu.ppy.sh/community/matches/115738089
115738090|ak1raa_kun's game|https://osu.ppy.sh/community/matches/115738090
115738091|-NR1_Rizzler-'s game|https://osu.ppy.sh/community/matches/115738091
115738092|Fusterator's game|https://osu.ppy.sh/community/matches/115738092
115738093|si|https://osu.ppy.sh/community/matches/115738093
115738094|Lxnar's game|https://osu.ppy.sh/community/matches/115738094
115738095|henryg4mers's game|https://osu.ppy.sh/community/matches/115738095
115738096|uwu|https://osu.ppy.sh/community/matches/115738096
115738097|Culty's game|https://osu.ppy.sh/community/matches/115738097
115738098|osito|https://osu.ppy.sh/community/matches/115738098
115738099|djkapinha's game|https://osu.ppy.sh/community/matches/115738099
115738100|kamran|https://osu.ppy.sh/community/matches/115738100
115738101|osito|https://osu.ppy.sh/community/matches/115738101
115738102|DexTeZzz's game|https://osu.ppy.sh/community/matches/115738102
115738103|__Bread's game|https://osu.ppy.sh/community/matches/115738103
115738104|arexma's game|https://osu.ppy.sh/community/matches/115738104
115738105|Ceffea's game|https://osu.ppy.sh/community/matches/115738105
115738106|ETX: (L0rdnes) vs (NightTr4shXD)|https://osu.ppy.sh/community/matches/115738106
115738107|ZesTyyy3's game|https://osu.ppy.sh/community/matches/115738107
115738108|Ruhstorf's game|https://osu.ppy.sh/community/matches/115738108
115738109|Chlupati |https://osu.ppy.sh/community/matches/115738109
115738110|Yerwelll's game|https://osu.ppy.sh/community/matches/115738110
115738111|SILLYFANGIRL VS PAOCOMPAOEPAA|https://osu.ppy.sh/community/matches/115738111
115738112|BugsLife's game|https://osu.ppy.sh/community/matches/115738112
115738113|Luhvy's game|https://osu.ppy.sh/community/matches/115738113
115738114|Namute2's game|https://osu.ppy.sh/community/matches/115738114
115738115|cookie clickerz here|https://osu.ppy.sh/community/matches/115738115
115738116|fortnite|https://osu.ppy.sh/community/matches/115738116
115738117|BossyBear4's game|https://osu.ppy.sh/community/matches/115738117
115738118|Ashlinginlasher's game|https://osu.ppy.sh/community/matches/115738118
115738119|MZN|https://osu.ppy.sh/community/matches/115738119
115738120|nox|https://osu.ppy.sh/community/matches/115738120
115738121|Not_ant_'s game|https://osu.ppy.sh/community/matches/115738121
115738122|6wc US scrim|https://osu.ppy.sh/community/matches/115738122
115738123|pisa|https://osu.ppy.sh/community/matches/115738123
115738124|Painters of the tempest (part 2)|https://osu.ppy.sh/community/matches/115738124
115738125|caca|https://osu.ppy.sh/community/matches/115738125
115738126|frmooo's game|https://osu.ppy.sh/community/matches/115738126
115738127|revyxrtz's game|https://osu.ppy.sh/community/matches/115738127
115738128|Invalidou897's game|https://osu.ppy.sh/community/matches/115738128
115738129|EBYDETEI|https://osu.ppy.sh/community/matches/115738129
115738130|brainlesssbbbgg's game|https://osu.ppy.sh/community/matches/115738130
115738131|redseifiga's game|https://osu.ppy.sh/community/matches/115738131
115738132|ETX: (I hate slider) vs (HotdogSlurper44)|https://osu.ppy.sh/community/matches/115738132
115738133|nigger|https://osu.ppy.sh/community/matches/115738133
115738134|PoloHGSA185's game|https://osu.ppy.sh/community/matches/115738134
115738135|тимур лох|https://osu.ppy.sh/community/matches/115738135
115738136|Shuu Vs Manji|https://osu.ppy.sh/community/matches/115738136
115738137|mapper face off|https://osu.ppy.sh/community/matches/115738137
115738138|oraqbe's game|https://osu.ppy.sh/community/matches/115738138
115738139|A multi | Host Rotate Down|https://osu.ppy.sh/community/matches/115738139
115738140|Milkiweyka|https://osu.ppy.sh/community/matches/115738140
115738141|RemiAyasaki's game|https://osu.ppy.sh/community/matches/115738141
115738142|4ngelheqrtz's game|https://osu.ppy.sh/community/matches/115738142
115738143|nigachin's game|https://osu.ppy.sh/community/matches/115738143
115738144|Im_SoBad's game|https://osu.ppy.sh/community/matches/115738144
115738145|Bhinky's game|https://osu.ppy.sh/community/matches/115738145
115738146|grawr|https://osu.ppy.sh/community/matches/115738146
115738147|frost]'s game|https://osu.ppy.sh/community/matches/115738147
115738148|esto|https://osu.ppy.sh/community/matches/115738148
115738149|5.4-6* | o!RL (!info)|https://osu.ppy.sh/community/matches/115738149
115738150|Suneri's game|https://osu.ppy.sh/community/matches/115738150
115738151|FLAG_VALUE_ERROR|https://osu.ppy.sh/community/matches/115738151
115738152|MEOW|https://osu.ppy.sh/community/matches/115738152
115738153|Culty's game|https://osu.ppy.sh/community/matches/115738153
115738154|Farbel_Fabio's game|https://osu.ppy.sh/community/matches/115738154
115738155|Edgaras767's game|https://osu.ppy.sh/community/matches/115738155
115738156|lolcap malo|https://osu.ppy.sh/community/matches/115738156
115738157|G0LDEN_OSU's game|https://osu.ppy.sh/community/matches/115738157
115738158|spark-'s game|https://osu.ppy.sh/community/matches/115738158
115738159|papu|https://osu.ppy.sh/community/matches/115738159
115738160|MrLichKing's game|https://osu.ppy.sh/community/matches/115738160
115738161|rise|https://osu.ppy.sh/community/matches/115738161
115738162|flamadeath's game|https://osu.ppy.sh/community/matches/115738162
115738163|djkapinha's game|https://osu.ppy.sh/community/matches/115738163
115738164|Sinner_G's game|https://osu.ppy.sh/community/matches/115738164
115738165|cool 1v1 im gonna get destroyed|https://osu.ppy.sh/community/matches/115738165
115738166|Kyariii's game|https://osu.ppy.sh/community/matches/115738166
115738167|How2's game|https://osu.ppy.sh/community/matches/115738167
115738168|fortnite2|https://osu.ppy.sh/community/matches/115738168
115738169|Zalan-'s game|https://osu.ppy.sh/community/matches/115738169
115738170|sorata-kun1's game|https://osu.ppy.sh/community/matches/115738170
115738171|gamernerd_nigg's game|https://osu.ppy.sh/community/matches/115738171
115738172|gamernerd_nigg's game|https://osu.ppy.sh/community/matches/115738172
115738173|SoyPika's game|https://osu.ppy.sh/community/matches/115738173
115738174|konaxii's game|https://osu.ppy.sh/community/matches/115738174
115738175|e_crushedk's game|https://osu.ppy.sh/community/matches/115738175
115738176|Anonyniconi's game|https://osu.ppy.sh/community/matches/115738176
115738177|podaru|https://osu.ppy.sh/community/matches/115738177
115738178|BoniGa's game|https://osu.ppy.sh/community/matches/115738178
115738179|grawr|https://osu.ppy.sh/community/matches/115738179
115738180|[ Govea ]'s game|https://osu.ppy.sh/community/matches/115738180
115738181|kamran|https://osu.ppy.sh/community/matches/115738181
115738182|-Toucan-'s game|https://osu.ppy.sh/community/matches/115738182
115738183|BlackJack50's game|https://osu.ppy.sh/community/matches/115738183
115738184|magestnik's game|https://osu.ppy.sh/community/matches/115738184
115738185|SoyPika's game|https://osu.ppy.sh/community/matches/115738185
115738186|marshmiyo's game|https://osu.ppy.sh/community/matches/115738186
115738187|oraqbe's game|https://osu.ppy.sh/community/matches/115738187
115738188|primas|https://osu.ppy.sh/community/matches/115738188
115738189|das se mnou hafky? za minutu.. nebo hned|https://osu.ppy.sh/community/matches/115738189
115738190|Foomr's game|https://osu.ppy.sh/community/matches/115738190
115738191|DCP_Yebishe's game|https://osu.ppy.sh/community/matches/115738191
115738192|mi tio2V's game|https://osu.ppy.sh/community/matches/115738192
115738193|TI4ER's game|https://osu.ppy.sh/community/matches/115738193
115738194|wabi pensa mt's game|https://osu.ppy.sh/community/matches/115738194
115738195|dddgdfgjdfgdfgdfgdfgdfgdfgdf|https://osu.ppy.sh/community/matches/115738195
115738196|4ngelheqrtz's game|https://osu.ppy.sh/community/matches/115738196
115738197|ATRI高性能MP房beta1.28 | 自动轮换 | 全天常驻|https://osu.ppy.sh/community/matches/115738197
115738198|MATIP_MP's game|https://osu.ppy.sh/community/matches/115738198
115738199|Vinessy's game|https://osu.ppy.sh/community/matches/115738199
115738200|vimpiar_killa's game|https://osu.ppy.sh/community/matches/115738200
115738201|asdf|https://osu.ppy.sh/community/matches/115738201
115738202|ImanolGay|https://osu.ppy.sh/community/matches/115738202
115738203|divas|https://osu.ppy.sh/community/matches/115738203
115738204|Homer Simpson's game|https://osu.ppy.sh/community/matches/115738204
115738205|Seffers's game|https://osu.ppy.sh/community/matches/115738205
115738206|гейское братство|https://osu.ppy.sh/community/matches/115738206
115738207|Moonsita's game|https://osu.ppy.sh/community/matches/115738207
115738208|<3|https://osu.ppy.sh/community/matches/115738208
115738209|keeks|https://osu.ppy.sh/community/matches/115738209
115738210|ImanolGay|https://osu.ppy.sh/community/matches/115738210
115738211|pancake bunny's game|https://osu.ppy.sh/community/matches/115738211
115738212|muu|https://osu.ppy.sh/community/matches/115738212
115738213|marshmiyo's game|https://osu.ppy.sh/community/matches/115738213
115738214|MEOW|https://osu.ppy.sh/community/matches/115738214
115738215|avaAF's game|https://osu.ppy.sh/community/matches/115738215
115738216|Freek's game (pass=hi)|https://osu.ppy.sh/community/matches/115738216
115738217|madzikus_'s game|https://osu.ppy.sh/community/matches/115738217
115738218|meow|https://osu.ppy.sh/community/matches/115738218
115738219|ala|https://osu.ppy.sh/community/matches/115738219
115738220|avaAF's game|https://osu.ppy.sh/community/matches/115738220
115738221|Kannes's game|https://osu.ppy.sh/community/matches/115738221
115738222|PRIMAS|https://osu.ppy.sh/community/matches/115738222
115738223|-M_U-'s game|https://osu.ppy.sh/community/matches/115738223
115738224|shrek1|https://osu.ppy.sh/community/matches/115738224
115738225|Vicentefox98's game|https://osu.ppy.sh/community/matches/115738225
115738226|apersonlol's game|https://osu.ppy.sh/community/matches/115738226
115738227|JHHM's game|https://osu.ppy.sh/community/matches/115738227
115738228|JHHM's game|https://osu.ppy.sh/community/matches/115738228
115738229|Herrox's game|https://osu.ppy.sh/community/matches/115738229
115738230|pqlqr's game|https://osu.ppy.sh/community/matches/115738230
115738231|papu|https://osu.ppy.sh/community/matches/115738231
